{
  "events": [
    {
      "time": 1513403750359,
      "type": "nothing",
      "state": {},
      "origin": "https://s.codepen.io/boomerang/iFrameKey-049d8b25-5bd0-32fe-79eb-fd8c7b2b8db4/index.html",
      "timeDiff": "+ 0:04:892",
      "id": 545
    },
    {
      "time": 1513403750359,
      "type": "new property(string)",
      "state": {
        "name": "foo bar"
      },
      "origin": "https://s.codepen.io/boomerang/iFrameKey-049d8b25-5bd0-32fe-79eb-fd8c7b2b8db4/index.html",
      "id": 546,
      "stateMutation": [
        {
          "kind": "N",
          "path": [
            "name"
          ],
          "rhs": "foo bar"
        }
      ]
    },
    {
      "time": 1513403750359,
      "type": "edit + new",
      "state": {
        "name": "zoo",
        "job": "developer"
      },
      "origin": "https://s.codepen.io/boomerang/iFrameKey-049d8b25-5bd0-32fe-79eb-fd8c7b2b8db4/index.html",
      "id": 547,
      "stateMutation": [
        {
          "kind": "E",
          "path": [
            "name"
          ],
          "lhs": "foo bar",
          "rhs": "zoo"
        },
        {
          "kind": "N",
          "path": [
            "job"
          ],
          "rhs": "developer"
        }
      ]
    },
    {
      "time": 1513403750360,
      "type": "same",
      "state": {
        "name": "zoo",
        "job": "developer"
      },
      "origin": "https://s.codepen.io/boomerang/iFrameKey-049d8b25-5bd0-32fe-79eb-fd8c7b2b8db4/index.html",
      "timeDiff": "+ 0:00:001",
      "id": 548
    },
    {
      "time": 1513403750360,
      "type": "deletion",
      "state": {
        "job": "developer"
      },
      "origin": "https://s.codepen.io/boomerang/iFrameKey-049d8b25-5bd0-32fe-79eb-fd8c7b2b8db4/index.html",
      "id": 549,
      "stateMutation": [
        {
          "kind": "D",
          "path": [
            "name"
          ],
          "lhs": "zoo"
        }
      ]
    },
    {
      "time": 1513403750360,
      "type": "array",
      "state": {
        "job": "developers",
        "languages": [
          "javascript",
          "php",
          "html",
          "css"
        ]
      },
      "origin": "https://s.codepen.io/boomerang/iFrameKey-049d8b25-5bd0-32fe-79eb-fd8c7b2b8db4/index.html",
      "id": 550,
      "stateMutation": [
        {
          "kind": "E",
          "path": [
            "job"
          ],
          "lhs": "developer",
          "rhs": "developers"
        },
        {
          "kind": "N",
          "path": [
            "languages"
          ],
          "rhs": [
            "javascript",
            "php",
            "html",
            "css"
          ]
        }
      ]
    },
    {
      "time": 1513403750360,
      "type": "array edit",
      "state": {
        "job": "developers",
        "languages": [
          "javascript",
          "html",
          "css"
        ]
      },
      "origin": "https://s.codepen.io/boomerang/iFrameKey-049d8b25-5bd0-32fe-79eb-fd8c7b2b8db4/index.html",
      "id": 551,
      "stateMutation": [
        {
          "kind": "E",
          "path": [
            "languages",
            1
          ],
          "lhs": "php",
          "rhs": "html"
        },
        {
          "kind": "E",
          "path": [
            "languages",
            2
          ],
          "lhs": "html",
          "rhs": "css"
        },
        {
          "kind": "A",
          "path": [
            "languages"
          ],
          "index": 3,
          "item": {
            "kind": "D",
            "lhs": "css"
          }
        }
      ]
    },
    {
      "time": 1513403750360,
      "type": "array edit #2",
      "state": {
        "job": "developers",
        "languages": [
          "javascript",
          "HTML",
          "CSS"
        ]
      },
      "origin": "https://s.codepen.io/boomerang/iFrameKey-049d8b25-5bd0-32fe-79eb-fd8c7b2b8db4/index.html",
      "id": 552,
      "stateMutation": [
        {
          "kind": "E",
          "path": [
            "languages",
            1
          ],
          "lhs": "html",
          "rhs": "HTML"
        },
        {
          "kind": "E",
          "path": [
            "languages",
            2
          ],
          "lhs": "css",
          "rhs": "CSS"
        }
      ]
    },
    {
      "time": 1513403750360,
      "type": "array edit new",
      "state": {
        "job": "developers",
        "languages": [
          "javascript",
          "HTML",
          "CSS",
          "Ruby"
        ]
      },
      "origin": "https://s.codepen.io/boomerang/iFrameKey-049d8b25-5bd0-32fe-79eb-fd8c7b2b8db4/index.html",
      "id": 553,
      "stateMutation": [
        {
          "kind": "A",
          "path": [
            "languages"
          ],
          "index": 3,
          "item": {
            "kind": "N",
            "rhs": "Ruby"
          }
        }
      ]
    },
    {
      "time": 1513403750360,
      "type": "array edit new object",
      "state": {
        "job": "developers",
        "languages": [
          "javascript",
          "HTML",
          "CSS",
          "Ruby",
          {
            "framework": "React",
            "language": "JavaScript"
          }
        ]
      },
      "origin": "https://s.codepen.io/boomerang/iFrameKey-049d8b25-5bd0-32fe-79eb-fd8c7b2b8db4/index.html",
      "id": 554,
      "stateMutation": [
        {
          "kind": "A",
          "path": [
            "languages"
          ],
          "index": 4,
          "item": {
            "kind": "N",
            "rhs": {
              "framework": "React",
              "language": "JavaScript"
            }
          }
        }
      ]
    },
    {
      "time": 1513403750360,
      "type": "array edit object edit",
      "state": {
        "job": "developers",
        "languages": [
          "javascript",
          "HTML",
          "CSS",
          "Ruby",
          {
            "framework": "React",
            "language": "JavaScript/es6"
          }
        ]
      },
      "origin": "https://s.codepen.io/boomerang/iFrameKey-049d8b25-5bd0-32fe-79eb-fd8c7b2b8db4/index.html",
      "id": 555,
      "stateMutation": [
        {
          "kind": "E",
          "path": [
            "languages",
            4,
            "language"
          ],
          "lhs": "JavaScript",
          "rhs": "JavaScript/es6"
        }
      ]
    },
    {
      "time": 1513403750360,
      "type": "new array at top level",
      "state": {
        "job": "developers",
        "languages": [
          "javascript",
          "HTML",
          "CSS",
          "Ruby",
          {
            "framework": "React",
            "language": "JavaScript/es6"
          }
        ],
        "thing": [
          1,
          2
        ]
      },
      "origin": "https://s.codepen.io/boomerang/iFrameKey-049d8b25-5bd0-32fe-79eb-fd8c7b2b8db4/index.html",
      "id": 556,
      "stateMutation": [
        {
          "kind": "N",
          "path": [
            "thing"
          ],
          "rhs": [
            1,
            2
          ]
        }
      ]
    },
    {
      "time": 1513403750360,
      "type": "array at top level edit",
      "state": {
        "job": "developers",
        "languages": [
          "javascript",
          "HTML",
          "CSS",
          "Ruby",
          {
            "framework": "React",
            "language": "JavaScript/es6"
          }
        ],
        "thing": [
          1,
          42
        ]
      },
      "origin": "https://s.codepen.io/boomerang/iFrameKey-049d8b25-5bd0-32fe-79eb-fd8c7b2b8db4/index.html",
      "id": 557,
      "stateMutation": [
        {
          "kind": "E",
          "path": [
            "thing",
            1
          ],
          "lhs": 2,
          "rhs": 42
        }
      ]
    },
    {
      "time": 1513403750360,
      "type": "array nested array",
      "state": {
        "job": "developers",
        "languages": [
          "javascript",
          "HTML",
          "CSS",
          "Ruby",
          {
            "framework": "React",
            "language": "JavaScript/es6"
          }
        ],
        "thing": [
          1,
          42,
          {
            "steps": [
              {
                "answer": null
              }
            ]
          }
        ]
      },
      "origin": "https://s.codepen.io/boomerang/iFrameKey-049d8b25-5bd0-32fe-79eb-fd8c7b2b8db4/index.html",
      "id": 558,
      "stateMutation": [
        {
          "kind": "A",
          "path": [
            "thing"
          ],
          "index": 2,
          "item": {
            "kind": "N",
            "rhs": {
              "steps": [
                {
                  "answer": null
                }
              ]
            }
          }
        }
      ]
    },
    {
      "time": 1513403750360,
      "type": "array nested array edit",
      "state": {
        "job": "developers",
        "languages": [
          "javascript",
          "HTML",
          "CSS",
          "Ruby",
          {
            "framework": "React",
            "language": "JavaScript/es6"
          }
        ],
        "thing": [
          1,
          42,
          {
            "steps": [
              {
                "answer": 42
              }
            ]
          }
        ]
      },
      "origin": "https://s.codepen.io/boomerang/iFrameKey-049d8b25-5bd0-32fe-79eb-fd8c7b2b8db4/index.html",
      "id": 559,
      "stateMutation": [
        {
          "kind": "E",
          "path": [
            "thing",
            2,
            "steps",
            0,
            "answer"
          ],
          "lhs": null,
          "rhs": 42
        }
      ]
    }
  ],
  "autoscroll": true,
  "pinnedEvent": {
    "time": 1513403750360,
    "type": "array nested array edit",
    "state": {
      "job": "developers",
      "languages": [
        "javascript",
        "HTML",
        "CSS",
        "Ruby",
        {
          "framework": "React",
          "language": "JavaScript/es6"
        }
      ],
      "thing": [
        1,
        42,
        {
          "steps": [
            {
              "answer": 42
            }
          ]
        }
      ]
    },
    "origin": "https://s.codepen.io/boomerang/iFrameKey-049d8b25-5bd0-32fe-79eb-fd8c7b2b8db4/index.html",
    "id": 559,
    "stateMutation": [
      {
        "kind": "E",
        "path": [
          "thing",
          2,
          "steps",
          0,
          "answer"
        ],
        "lhs": null,
        "rhs": 42
      }
    ]
  },
  "name": "working",
  "page": "LOG"
}